City,Branch Name,Address,Phone,Opening Hours
Agadir,Agence Agadir Dakhla,"N°1, Immeuble Al Oula, Avenue Abderrahim Bouabid, Agadir",0528212158,"Monday - Friday: 08:15 - 15:45"
Berkane,Agence Berkane,"Boulevard Mohammed V, Berkane",0536617307,"Monday - Friday: 08:15 - 15:45"
Casablanca,Agence Casablanca Ghandi,"172, Boulevard Ghandi, Casablanca",0522994464,"Monday - Friday: 08:15 - 15:45"
Casablanca,Agence Casa Lalla Yacout,"53, Boulevard Lalla Yacout, Casablanca",0522447196,"Monday - Friday: 08:15 - 15:45"
Fes,Agence Fès Atlas,"N°1 Avenue Allal Ben Abdellah, Fès",0535940400,"Monday - Friday: 08:15 - 15:45"
Meknes,Agence Meknès Hamria,"47, Avenue des FAR, Meknès",0535520775,"Monday - Friday: 08:15 - 15:45"
Nador,Agence Nador,"80, Avenue Hassan II, Nador",0536332152,"Monday - Friday: 08:15 - 15:45"
Oujda,Agence Oujda,"26, Boulevard Mohammed V, Oujda",0536703551,"Monday - Friday: 08:15 - 15:45"
Rabat,Agence Rabat Agdal,"17, Avenue de France, Agdal, Rabat",0537778942,"Monday - Friday: 08:15 - 15:45"
Rabat,Agence Rabat Hay Riad,"Mahaj Ryad, Immeuble 8, Secteur 9, Hay Riad, Rabat",0537571348,"Monday - Friday: 08:15 - 15:45"
Tanger,Agence Tanger,"22, Place des Nations, Tanger",0539322394,"Monday - Friday: 08:15 - 15:45"
Tetouan,Agence Tétouan,"19, Avenue Mohamed V, Tétouan",0539701198,"Monday - Friday: 08:15 - 15:45"
Laayoune,Agence Laâyoune,"Place de la mosquée Hassan 1er, Laâyoune",0528993215,"Monday - Friday: 08:15 - 15:45"
El Jadida,Agence El Jadida,"114, Avenue Mohamed V, El Jadida",0523393047,"Monday - Friday: 08:15 - 15:45"
Fkih Ben Salah,Agence Fkih Ben Salah,"240, Boulevard Hassan II, Fkih Ben Salah",0523432130,"Monday - Friday: 08:15 - 15:45"
Beni Mellal,Agence Beni Mellal,"134, Avenue Mohamed V, Béni Mellal",0523420448,"Monday - Friday: 08:15 - 15:45"
Ouarzazate,Agence Ouarzazate,"222, Avenue Mohamed V, Ouarzazate",0524888258,"Monday - Friday: 08:15 - 15:45"
Benslimane,Agence Benslimane,"Avenue Hassan II, Benslimane",0523290102,"Monday - Friday: 08:15 - 15:45"